CVEGEO,CVE_ENT,CVE_MUN,CVE_LOC,NOMGEO,AMBITO,SUP_HAS
"020010124","02","001","0124",Isla de Cedros,Rural,234.8115
"020013828","02","001","3828",Ejido Delicias,Rural,35.1364
"020014444","02","001","4444",El Morro,Rural,118.5772
"020014523","02","001","4523",II Sección Ejido Esteban Cantú,Rural,14.0352
"020015155","02","001","5155",Coronel Esteban Cantú [Tercera Sección],Rural,10.4128
"020011309","02","001","1309",Cuatro Milpas,Rural,45.8463
"020015168","02","001","5168",San Miguel,Rural,65.7024
"020011957","02","001","1957",El Vergel [Campo],Rural,19.8637
"020014925","02","001","4925",Balcones Cíbolas del Mar,Rural,10.1930
"020013283","02","001","3283",Baja Beach and Tennis Club,Rural,32.4846
"020013174","02","001","3174",Puerto Escondido,Rural,16.9949
"020013173","02","001","3173",Lomas del Mar,Rural,8.1054
"020011115","02","001","1115",Aguacaliente,Rural,8.2553
"020013171","02","001","3171",Rancho Packard,Rural,21.6694
"020010329","02","001","0329",La Bufadora,Rural,52.4412
"020010736","02","001","0736",Puerto San Isidro,Rural,40.2905
"020012221","02","001","2221",Playa Dorada [Campo],Rural,53.7811
"020010677","02","001","0677",El Ramajal,Rural,31.7029
"020010001","02","001","0001",Ensenada,Urbana,7917.3433
"020010247","02","001","0247",El Sauzal de Rodríguez,Urbana,706.4035
"020011812","02","001","1812",San Miguel (Cíbolas de Mar),Rural,37.7450
"020012160","02","001","2160",Úrsulo Galván,Rural,84.3337
"020011444","02","001","1444",La Jolla [Campo Turístico],Rural,43.0991
"020010184","02","001","0184",Coronel Esteban Cantú,Rural,37.1875
"020012691","02","001","2691",Baja Mar San Diego,Rural,83.4276
"020012157","02","001","2157",Puerto Salina,Rural,69.6222
"020012151","02","001","2151",Punta Piedra,Rural,18.0842
"020012502","02","001","2502",Villas de San Miguel,Rural,24.2157
"020012159","02","001","2159",Angels [Campo],Rural,5.3272
"020013344","02","001","3344",La Misión [Campo Turístico],Rural,18.7516
"020010095","02","001","0095",Ejido Eréndira,Rural,124.0261
"020021350","02","002","1350",Ventana del Mar,Rural,233.5916
"020021343","02","002","1343",La Hacienda,Rural,18.4654
"020023029","02","002","3029",Playa de Oro,Rural,29.6137
"020021623","02","002","1623",Perlas [Campo],Rural,3.8155
"020020417","02","002","0417",Petes Camp El Paraíso,Rural,32.7077
"020020284","02","002","0284",San Felipe,Urbana,1103.6330
"020024803","02","002","4803",Misión los Sahuaros,Rural,10.0911
"020020414","02","002","0414",Playa del Sol,Rural,8.7369
"020040529","02","004","0529",Baja Malibú (Campo Turístico),Rural,28.4392
"020040597","02","004","0597",Punta Banderas,Rural,9.5104
"020040606","02","004","0606",San Antonio del Mar,Rural,50.3987
"020041766","02","004","1766",Baja Malibú,Rural,4.6277
"020041767","02","004","1767",Brisas del Mar,Rural,9.5265
"020041813","02","004","1813",Hacienda del Mar,Rural,7.8727
"020041876","02","004","1876",Real Mediterráneo,Rural,3.1521
"020041385","02","004","1385",Playa Blanca,Rural,4.8598
"020040678","02","004","0678",Real del Mar,Rural,64.2095
"020041298","02","004","1298",Los Delfines,Rural,4.9241
"020040679","02","004","0679",La Esperanza [Granjas Familiares],Rural,137.0401
"020040001","02","004","0001",Tijuana,Urbana,29087.5909
"020042013","02","004","2013",Sueños del Mar,Rural,11.9877
"020041812","02","004","1812",Carrizalejo,Rural,5.8968
"020041919","02","004","1919",San Marino,Rural,56.0136
"020050002","02","005","0002",Alisitos,Rural,6.9916
"020050010","02","005","0010",Campo López,Rural,15.6073
"020050011","02","005","0011",El Morro Surf Ranch,Rural,1.1899
"020050034","02","005","0034",Cuenca Lechera,Rural,38.4553
"020050056","02","005","0056",Las Gaviotas,Rural,12.0770
"020050074","02","005","0074",Medio Camino,Rural,7.9649
"020050075","02","005","0075",Misión Viejo,Rural,13.3080
"020050078","02","005","0078",El Morro Kilómetro Treinta y Ocho,Rural,13.1610
"020050081","02","005","0081",El Pescador [Centro Turístico],Rural,9.2816
"020050085","02","005","0085",Plaza del Mar,Rural,37.2632
"020050086","02","005","0086",Popotla,Rural,11.1515
"020050090","02","005","0090",Puerto Nuevo,Rural,7.5429
"020050193","02","005","0193",Terrazas del Pacífico,Rural,53.4330
"020050202","02","005","0202",Marbella,Rural,123.5019
"020050302","02","005","0302",Costa de Oro,Rural,2.7037
"020050306","02","005","0306",Puerta del Mar,Rural,21.8889
"020050315","02","005","0315",Las Ventanas,Rural,3.3476
"020050414","02","005","0414",Calafia Paradaise Resort and Villas (Torres Calafia),Rural,4.0550
"020050419","02","005","0419",Rodríguez [Campo],Rural,1.9801
"020050322","02","005","0322",Mar de Popotla,Rural,83.4211
"020050052","02","005","0052",Hacienda Vista Mar,Rural,18.8081
"020050150","02","005","0150",Rancho Reynoso,Rural,7.7448
"020050089","02","005","0089",Primo Tapia,Urbana,224.5835
"020050008","02","005","0008",El Campito,Rural,5.9814
"020050249","02","005","0249",El Refugio,Rural,63.4494
"020050028","02","005","0028",Misión del Mar 1ra. y 2da. Sección,Rural,205.6594
"020050194","02","005","0194",Venustiano Carranza,Rural,35.4125
"020050162","02","005","0162",Terrazas del Mar,Rural,71.5116
"020050276","02","005","0276",Casa del Rey [Fraccionamiento],Rural,10.3434
"020050084","02","005","0084",Playas la Misión,Rural,47.1888
"020050064","02","005","0064",Ladrillera Pescador,Rural,52.6683
"020050363","02","005","0363",Villas de Casa Blanca,Rural,16.0281
"020050036","02","005","0036",El Descanso,Rural,93.8786
"020050070","02","005","0070",Marena Cove [Kilómetro Cincuenta y Uno y Medio],Rural,2.3001
"020050361","02","005","0361",Villas de San Ángel,Rural,32.4772
"020050350","02","005","0350",Candiles Dorados,Rural,4.4263
"020050047","02","005","0047",San Rafael,Rural,15.6953
"020050227","02","005","0227",Rancho el Descanso,Rural,20.1222
"020050255","02","005","0255",Los Misterios,Rural,19.1283
"020050230","02","005","0230",Vista Marina,Rural,60.3484
"020050415","02","005","0415",Las Flores [Rancho],Rural,12.1463
"020050305","02","005","0305",Puerto Popotla,Rural,4.3804
"020050226","02","005","0226",Villas de San Pedro,Rural,33.1301
"020050241","02","005","0241",Lomas del Morro,Rural,17.3555
"020050146","02","005","0146",Rancho Matajanil,Rural,13.8880
"020050460","02","005","0460",Las Gaviotas II,Rural,13.9044
"020050465","02","005","0465",San Rafael Segunda Sección,Rural,12.7227
"020050001","02","005","0001",Playas de Rosarito,Urbana,3570.5098
"020060109","02","006","0109",Ejido Chapala,Rural,46.1113
"020060837","02","006","0837",Santa Rosaliíta,Rural,42.7338
"020060126","02","006","0126",Ejido Valle Tranquilo,Rural,29.4387
"020060091","02","006","0091",Costa Brava,Rural,20.8365
"020060077","02","006","0077",Cielito Lindo,Rural,20.9949
"020060235","02","006","0235",El Socorrito,Rural,39.1648
"020060022","02","006","0022",Bahía de los Ángeles,Rural,218.3560
"020060861","02","006","0861",Venustiano Carranza (Santa María),Rural,102.5196
"030010027","03","001","0027",Puerto Magdalena,Rural,10.4374
"030012821","03","001","2821",El Ranchito,Rural,7.7846
"030010049","03","001","0049",Las Barrancas,Rural,39.3284
"030010242","03","001","0242",Puerto Cortés,Rural,4.1602
"030010241","03","001","0241",Puerto Alcatraz,Rural,8.6492
"030010003","03","001","0003",Puerto Adolfo López Mateos,Rural,157.4545
"030010280","03","001","0280",Puerto San Carlos,Urbana,276.6032
"030012086","03","001","2086",San Juanico,Rural,100.2553
"030020115","03","002","0115",Puerto Nuevo,Rural,7.7387
"030020116","03","002","0116",Punta Abreojos,Rural,86.1129
"030020077","03","002","0077",Isla San Marcos,Rural,21.7332
"030020120","03","002","0120",Punta Prieta,Rural,15.8408
"030020119","03","002","0119",Punta Eugenia,Rural,15.0607
"030020165","03","002","0165",Ejido San Lucas,Rural,43.9391
"030020041","03","002","0041",El Coyote,Rural,5.6628
"030020056","03","002","0056",Estero de la Bocana,Rural,77.3316
"030020246","03","002","0246",San Hipólito,Rural,13.3970
"030020715","03","002","0715",Posada Concepción,Rural,1.8874
"030020049","03","002","0049",El Dátil,Rural,10.4938
"030020076","03","002","0076",Isla Natividad,Rural,23.7677
"030020014","03","002","0014",Bahía Asunción,Rural,135.2561
"030020140","03","002","0140",San Bruno,Rural,56.7171
"030020001","03","002","0001",Santa Rosalía,Urbana,606.1643
"030020015","03","002","0015",Bahía Tortugas,Urbana,139.7748
"030020097","03","002","0097",Heroica Mulegé,Urbana,512.6412
"030021374","03","002","1374",Ejido Luis Echeverría,Rural,40.3679
"030020117","03","002","0117",Punta Chivato,Rural,46.2355
"030030341","03","003","0341",Agua de la Costa,Rural,212.6405
"030030402","03","003","0402",Boca del Álamo,Rural,19.0341
"030030418","03","003","0418",Buenos Aires,Rural,127.9081
"030032515","03","003","2515",Palo Blanco,Rural,72.2731
"030032846","03","003","2846",Maravia,Rural,18.6283
"030030482","03","003","0482",Ejido Plutarco Elías Calles,Rural,167.1574
"030031561","03","003","1561",Punta Prieta,Rural,34.7055
"030030392","03","003","0392",Los Barriles,Rural,232.7422
"030030920","03","003","0920",La Ventana,Rural,73.2284
"030031534","03","003","1534",Puerto de Pichilingue,Rural,36.4260
"030030963","03","003","0963",San Juan de la Costa,Rural,28.5915
"030031450","03","003","1450",El Comitán,Rural,110.8217
"030031630","03","003","1630",El Sargento,Rural,409.0867
"030030003","03","003","0003",Todos Santos,Urbana,1008.9402
"030030092","03","003","0092",El Centenario,Urbana,810.7101
"030030224","03","003","0224",Puerto Chale,Rural,21.5857
"030031394","03","003","1394",Los Algodones,Rural,11.9913
"030031424","03","003","1424",El Cardonal,Rural,74.4777
"030031784","03","003","1784",Los Cerritos,Rural,86.4494
"030030684","03","003","0684",El Pescadero,Urbana,310.2769
"030030108","03","003","0108",Chametla,Urbana,291.7012
"030080197","03","008","0197",Migriño,Rural,5.8397
"030080272","03","008","0272",Santa Cruz de los Zacatitos,Rural,197.6080
"030080985","03","008","0985",Ligth House Point States,Rural,109.5771
"030080533","03","008","0533",Los Pinos,Rural,11.3686
"030080323","03","008","0323",El Leonero,Rural,15.5528
"030080053","03","008","0053",Cabo Pulmo,Rural,32.0867
"030080048","03","008","0048",Buenavista,Rural,185.3121
"030081075","03","008","1075",Vinoramas Diamante,Rural,14.6187
"030081071","03","008","1071",Bahía Terranova,Rural,9.7813
"030080398","03","008","0398",Las Dos Ballenas,Rural,23.5555
"030080692","03","008","0692",Playa Tortuga,Rural,23.8323
"030080217","03","008","0217",La Ribera,Rural,253.4009
"030080054","03","008","0054",Cabo San Lucas,Urbana,6243.6404
"030080001","03","008","0001",San José del Cabo,Urbana,5540.3152
"030090118","03","009","0118",Nopoló,Rural,317.7423
"030090183","03","009","0183",Tripuí [Trailer Park],Rural,7.5369
"030090156","03","009","0156",Ensenada Blanca,Rural,22.3367
"030090176","03","009","0176",Puerto Escondido,Rural,20.6539
"030090161","03","009","0161",Ligüí,Rural,32.2012
"030090001","03","009","0001",Loreto,Urbana,871.7545
"040010002","04","001","0002",Isla Arena,Rural,30.1813
"040020086","04","002","0086",Imí,Rural,733.6356
"040020001","04","002","0001",San Francisco de Campeche,Urbana,5247.8130
"040020087","04","002","0087",Lerma,Urbana,564.9588
"040040521","04","004","0521",Villamar,Rural,34.9381
"040042119","04","004","2119",Campeche Playa Esmeralda Resort,Rural,30.3447
"040040017","04","004","0017",Ciudad del Sol,Rural,14.4672
"040041787","04","004","1787",Punta Xen,Rural,20.7050
"040040001","04","004","0001",Champotón,Urbana,1051.7927
"040070053","04","007","0053",Isla de San Isidro,Rural,9.5635
"040070001","04","007","0001",Palizada,Urbana,161.0706
"040120016","04","012","0016",Haltunchén,Rural,3.4197
"040120001","04","012","0001",Seybaplaya,Urbana,276.2577
"040120055","04","012","0055",Villa Madero,Urbana,158.1455
"040030013","04","003","0013",Puerto Rico,Rural,30.0291
"040033217","04","003","3217",El Aguacatal,Rural,84.3588
"040030031","04","003","0031",Santa Rita,Rural,18.5293
"040031539","04","003","1539",Santa Cruz,Rural,15.4370
"040030262","04","003","0262",Colonia Emiliano Zapata,Rural,86.9165
"040030001","04","003","0001",Ciudad del Carmen,Urbana,3562.4540
"040030006","04","003","0006",Atasta,Urbana,282.5076
"040030101","04","003","0101",San Antonio Cárdenas,Urbana,350.3522
"040030199","04","003","0199",Isla Aguada,Urbana,313.7812
"040030614","04","003","0614",Sabancuy,Urbana,260.9691
"040030118","04","003","0118",Nuevo Campechito,Rural,31.3289
"060010032","06","001","0032",El Paraíso [Balneario],Rural,18.2239
"060010341","06","001","0341",Colonia Flor de Coco,Rural,45.7301
"060010033","06","001","0033",Periquillo,Rural,25.4322
"060010009","06","001","0009",Cuyutlán,Rural,112.2875
"060010001","06","001","0001",Ciudad de Armería,Urbana,481.0928
"060010007","06","001","0007",Cofradía de Juárez,Urbana,114.4443
"060070696","06","007","0696",El Rebalse,Rural,35.1773
"060070001","06","007","0001",Manzanillo,Urbana,4805.0563
"060070024","06","007","0024",La Culebra (Colimilla),Rural,9.9666
"060090011","06","009","0011",Colonia Bayardo,Urbana,252.3875
"070030006","07","003","0006",Barra Zacapulco,Rural,23.7884
"070030093","07","003","0093",Las Lauras,Rural,27.4368
"070030140","07","003","0140",La Lupe,Rural,10.8399
"070030029","07","003","0029",La Palma,Rural,21.3467
"070090169","07","009","0169",El Arenal,Rural,15.5091
"070090093","07","009","0093",Punta Flor,Rural,35.8222
"070090046","07","009","0046",La Gloria,Rural,44.7532
"070400126","07","040","0126",Aztlán,Rural,23.0014
"070400130","07","040","0130",Las Brisas del Huayate,Rural,22.5242
"070510033","07","051","0033",Pampa Honda,Rural,9.8772
"070510293","07","051","0293",Barrita de Pajón,Rural,21.0847
"070540005","07","054","0005",San José el Hueyate (Barra de San José),Rural,101.0076
"070540046","07","054","0046",Emiliano Zapata I,Rural,15.6870
"070540088","07","054","0088",Barra de San Simón,Rural,1.4660
"070540176","07","054","0176",Barra de San Simón,Rural,13.8339
"070540133","07","054","0133",Badenia,Rural,26.0797
"070611547","07","061","1547",Nuevo Jalapa (Tapumbac),Rural,3.6283
"070611366","07","061","1366",Luis Echeverría (Agua Blanca),Rural,7.3841
"070620021","07","062","0021",Playa Larga 1ra. Sección,Rural,4.3616
"070620022","07","062","0022",Playa Larga 3ra. Sección,Rural,0.7276
"070620041","07","062","0041",Bajo Amacoíte,Rural,3.6366
"070620064","07","062","0064",Nuevo Peñitas,Rural,8.3116
"070620069","07","062","0069",Salomón González Blanco,Rural,0.5268
"070620019","07","062","0019",Plan de Ayala,Rural,31.5887
"070620023","07","062","0023",Nuevo Sayula,Rural,4.5848
"070620040","07","062","0040",Lindavista,Rural,30.0273
"070620057","07","062","0057",Nuevo Emiliano Zapata,Rural,5.5375
"070680007","07","068","0007",Plutarco Elías Calles,Rural,17.7134
"070680028","07","068","0028",Playas,Rural,10.5442
"070680101","07","068","0101",Platanar Abajo 2da. Sección B (Batería Chiapas),Rural,142.1613
"070680102","07","068","0102",Platanar Abajo 2da. Sección (Unidad Chiapaneca),Rural,9.4220
"070690032","07","069","0032",El Palmarcito,Rural,59.1606
"070690149","07","069","0149",Chocohuital,Rural,17.4015
"070690527","07","069","0527",El Fortín,Rural,30.7640
"070690529","07","069","0529",La Conquista,Rural,21.2579
"070691641","07","069","1641",Isla San José,Rural,12.8933
"070691848","07","069","1848",El Diamante,Rural,8.0932
"070690059","07","069","0059",La Esperanza (El Zapotal),Rural,43.0230
"070690530","07","069","0530",Barra Santiago,Rural,2.8903
"070740013","07","074","0013",Macayo 2da. Sección,Rural,133.2308
"070740014","07","074","0014",Macayo 3ra. Sección,Rural,109.2630
"070740012","07","074","0012",Macayo 1ra. Sección (Las Mercedes),Rural,62.6412
"070870004","07","087","0004",Brisas del Mar,Rural,26.4550
"070870133","07","087","0133",El Sajío,Rural,10.1620
"070870170","07","087","0170",El Gancho,Rural,77.6471
"070870171","07","087","0171",Tierra y Libertad,Rural,38.3705
"070870277","07","087","0277",Tres Hermanos San Isidro,Rural,25.6496
"070890308","07","089","0308",La Cigüeña,Rural,12.5882
"070890261","07","089","0261",Barra de Cahoacán (Las Gaviotas),Rural,29.8169
"070890871","07","089","0871",Playa Linda,Rural,110.4644
"070890148","07","089","0148",Puerto Madero (San Benito),Urbana,722.6529
"070920020","07","092","0020",Luis Espinosa,Rural,35.9533
"070920023","07","092","0023",Monte Alegre,Rural,3.3020
"070920158","07","092","0158",Nuevo Naranjo,Rural,16.6968
"070920738","07","092","0738",San Manuel,Rural,2.3930
"070970032","07","097","0032",El Manguito,Rural,23.9753
"070970044","07","097","0044",Pueblo Nuevo (San Cayetano),Rural,45.9195
"070970002","07","097","0002",Puerto Arista,Rural,69.3608
"070970033","07","097","0033",Manuel Ávila Camacho (Ponte Duro),Rural,99.6184
"070970164","07","097","0164",San Luqueño,Rural,20.0064
"070970040","07","097","0040",Paredón,Urbana,216.2202
"070971450","07","097","1450",Los Humildes,Rural,29.8424
"070970212","07","097","0212",Boca del Cielo,Rural,10.5424
"071240159","07","124","0159",Roberto Barrios,Rural,1.2145
"071240162","07","124","0162",Rómulo Calzada (La Herradura),Rural,22.3057
"071240021","07","124","0021",Cinco de Mayo,Rural,8.7116
"071240035","07","124","0035",El Estrecho,Rural,3.6821
"071240102","07","124","0102",La Venta,Rural,6.4616
"071240153","07","124","0153",Plan de Ayala,Rural,0.9824
"071240136","07","124","0136",Miguel Hidalgo Láminas Cuatro,Rural,10.4102
"071240170","07","124","0170",San Fernando Díaz (Maritano),Rural,2.2203
"071240132","07","124","0132",Lázaro Cárdenas,Rural,6.5614
"071240140","07","124","0140",Nueva Alianza,Rural,0.7525
"071240020","07","124","0020",Chintulito Campamento,Rural,4.5014
"071240192","07","124","0192",Tierra y Libertad,Rural,5.7000
"071240161","07","124","0161",Rubén Jaramillo,Rural,2.4742
"071240188","07","124","0188",Santos Degollado,Rural,13.9711
"071240009","07","124","0009",Benito Juárez Lámina Uno,Rural,2.8525
"071240146","07","124","0146",Nuevo México,Rural,37.8722
"071240001","07","124","0001",Raudales Malpaso,Urbana,454.2513
"071240124","07","124","0124",La Victoria,Rural,1.8334
"120010093","12","001","0093",El Carrizo,Rural,4.0055
"120010132","12","001","0132",Parotillas,Rural,1.5881
"120010147","12","001","0147",El Rincón,Rural,6.7439
"120010242","12","001","0242",Bella Vista Papagayo,Rural,10.2291
"120010587","12","001","0587",Rancho las Marías,Rural,1.3255
"120010349","12","001","0349",San Andrés Playa Encantada (El Podrido),Rural,115.2511
"120010085","12","001","0085",Barra Vieja,Rural,38.8398
"120010078","12","001","0078",Aguas Calientes,Rural,26.3061
"120010088","12","001","0088",Cacahuatepec,Rural,13.3434
"120010108","12","001","0108",Los Ilamos,Rural,1.4607
"120010753","12","001","0753",Paraíso Lomas de Chapultepec (El Plantón),Rural,8.3191
"120010150","12","001","0150",Salsipuedes,Rural,6.6816
"120010098","12","001","0098",La Concepción,Rural,33.8857
"120010355","12","001","0355",Tasajeras,Rural,11.2192
"120010001","12","001","0001",Acapulco de Juárez,Urbana,14262.5727
"120010121","12","001","0121",Lomas de Chapultepec,Rural,31.8212
"120010131","12","001","0131",Las Parotas,Rural,3.8396
"120010162","12","001","0162",Teniente José Azueta (Río Papagayo),Rural,6.3961
"120130054","12","013","0054",Talapilla,Rural,7.5206
"120130186","12","013","0186",El Arenal (La Plataforma),Rural,2.0247
"120140011","12","014","0011",Llano Real (El Dorado),Rural,38.5416
"120180023","12","018","0023",Las Peñas,Rural,14.8491
"120180009","12","018","0009",Colonia Juan N. Álvarez (Playa Ventura),Rural,91.3943
"120210042","12","021","0042",El Carrizal,Rural,56.5766
"120210124","12","021","0124",San Nicolás de las Playas,Rural,25.2596
"120210009","12","021","0009",La Barra (La Barra de Coyuca),Rural,43.8078
"120210123","12","021","0123",Colonia Luces en el Mar,Rural,76.6336
"120210041","12","021","0041",Playa Azul,Rural,11.1008
"120210035","12","021","0035",Los Mogotes,Rural,331.4305
"120230011","12","023","0011",Comaltepec (Comal),Rural,23.7404
"120230030","12","023","0030",El Terrero,Rural,11.4185
"120230022","12","023","0022",Punta Maldonado (El Faro),Rural,20.4294
"120230008","12","023","0008",Cerro de las Tablas,Rural,10.3728
"120230012","12","023","0012",El Cuiji (El Cuije),Rural,8.8602
"120300006","12","030","0006",Boca del Río,Rural,5.0727
"120300019","12","030","0019",Pico del Monte,Rural,3.4460
"120300010","12","030","0010",Chautengo,Rural,16.0746
"120360010","12","036","0010",San Juan de los Llanos,Rural,22.5377
"120380364","12","038","0364",Playa Larga,Rural,8.8815
"120380067","12","038","0067",Playa Blanca,Rural,65.1617
"120380001","12","038","0001",Zihuatanejo,Urbana,1131.3301
"120380013","12","038","0013",San José Ixtapa (Barrio Viejo),Urbana,439.3367
"120380124","12","038","0124",Ixtapa Zihuatanejo,Urbana,1180.1754
"120460004","12","046","0004",El Capricho (La Poza),Rural,11.5465
"120460017","12","046","0017",Las Iguanas,Rural,14.0992
"120460019","12","046","0019",La Libertad,Rural,3.8461
"120460027","12","046","0027",San Isidro,Rural,9.2096
"120460031","12","046","0031",El Tamarindo,Rural,4.9399
"120460041","12","046","0041",Paso Cuahulote,Rural,2.7718
"120460034","12","046","0034",Vista Hermosa,Rural,15.4774
"120460036","12","046","0036",El Sepudo,Rural,10.2134
"120460021","12","046","0021",Milpillas,Rural,19.1464
"120460013","12","046","0013",El Charco de la Puerta,Rural,7.8736
"120480393","12","048","0393",La Barrita (Playa la Barrita),Rural,3.1022
"120480030","12","048","0030",Puente la Barrita,Rural,3.0307
"120480051","12","048","0051",El Cayacal,Rural,2.2487
"120480220","12","048","0220",Barra de Potosí,Rural,35.4194
"120530024","12","053","0024",Chacalapa del Pacífico,Rural,12.3805
"120530032","12","053","0032",Las Lomitas de Papagayo,Rural,5.3601
"120530053","12","053","0053",San José Guatemala,Rural,13.0997
"120530076","12","053","0076",Amazquite,Rural,12.6428
"120570213","12","057","0213",La Parada del Puerto Vicente Guerrero,Rural,7.9739
"120570678","12","057","0678",Playa Ojo de Agua,Rural,7.2013
"120570071","12","057","0071",Puerto Vicente Guerrero,Rural,19.9956
"120570023","12","057","0023",El Cayaquito,Rural,14.5529
"120570059","12","057","0059",Papanoa,Urbana,249.0614
"120570104","12","057","0104",Carrizal Cinta Larga,Rural,37.6854
"120680081","12","068","0081",San Francisco,Rural,13.1628
"120680133","12","068","0133",La Majahua,Rural,5.4008
"120680154","12","068","0154",Troncones (Emiliano Zapata),Rural,72.1256
"120680077","12","068","0077",La Saladita,Rural,2.5527
"120680289","12","068","0289",La Pequeña Hinojosa,Rural,7.5095
"120680051","12","068","0051",El Naranjito,Rural,28.0117
"120680063","12","068","0063",Petacalco,Urbana,133.0303
"120680086","12","068","0086",Tamacuas (El Ranchito),Rural,6.1779
"120680310","12","068","0310",Colonia Santa Fe (28 de Marzo),Rural,2.4236
"120680093","12","068","0093",Zacatula,Rural,27.2912
"120770023","12","077","0023",La Bocana,Rural,9.5800
"120770004","12","077","0004",Barra de Tecoanapa,Rural,44.0430
"120800040","12","080","0040",Vista Hermosa,Rural,2.8164
"140200062","14","020","0062",Quimixto,Rural,12.2127
"140200121","14","020","0121",Maito,Rural,10.5519
"140200070","14","020","0070",Yelapa,Rural,99.9444
"140200034","14","020","0034",Ipala,Rural,10.9972
"140200087","14","020","0087",Villa del Mar,Rural,28.7841
"140200079","14","020","0079",Aquiles Serdán,Rural,13.2506
"140200130","14","020","0130",Naranjitos (Arroyo Seco),Rural,10.1484
"140220009","14","022","0009",Emiliano Zapata (El Ranchito),Rural,83.9122
"140220047","14","022","0047",Cuastecomate,Rural,15.7425
"140220006","14","022","0006",Barra de Navidad,Urbana,221.3361
"140220033","14","022","0033",San Patricio (Melaque),Urbana,214.6723
"140430012","14","043","0012",Arroyo Seco,Rural,13.4703
"140430146","14","043","0146",Pérula,Rural,122.7374
"140430062","14","043","0062",La Manzanilla,Rural,90.3451
"140430137","14","043","0137",Pueblo Careyes,Rural,9.4335
"140430033","14","043","0033",Chamela,Rural,15.4018
"140670009","14","067","0009",Boca de Tomatlán,Rural,29.9838
"140670086","14","067","0086",El Nogalito,Rural,28.8889
"140670008","14","067","0008",Mismaloya,Rural,56.8626
"140670001","14","067","0001",Puerto Vallarta,Urbana,4910.5439
"160080041","16","008","0041",Cachán de Echeverría,Rural,29.4333
"160080047","16","008","0047",Colola,Rural,40.7144
"160080057","16","008","0057",Cuilala de Hidalgo,Rural,6.7548
"160080078","16","008","0078",Huahua,Rural,14.8770
"160080103","16","008","0103",Boca de la Manzanilla (La Manzanilla Dos),Rural,9.3116
"160080148","16","008","0148",Maruata,Rural,114.1287
"160080169","16","008","0169",La Ticla,Rural,25.0422
"160080179","16","008","0179",El Zapote de Madero,Rural,24.4765
"160080188","16","008","0188",Arenas Blancas,Rural,12.1013
"160080340","16","008","0340",Ixtapilla,Rural,13.9473
"160080427","16","008","0427",Paso de Noria,Rural,2.2472
"160080470","16","008","0470",San Juan de Alima,Rural,135.2160
"160080533","16","008","0533",La Palma Sola,Rural,9.4469
"160080702","16","008","0702",El Campo de Huahua (La Tinaja),Rural,12.2289
"160080834","16","008","0834",La Privada,Rural,29.1038
"160080214","16","008","0214",La Brisa,Rural,5.6799
"160080139","16","008","0139",La Placita de Morelos,Rural,86.9018
"160080339","16","008","0339",Barra de Neixpa (Isla de Neixpa),Rural,13.0985
"160080110","16","008","0110",Motín del Oro,Rural,16.9543
"160080315","16","008","0315",El Faro de Bucerías,Rural,49.0430
"160140013","16","014","0013",Boca de Apiza,Rural,54.6938
"160140119","16","014","0119",Ojo de Agua de San Telmo,Rural,31.3035
"160520033","16","052","0033",Las Calabazas,Rural,18.4080
"160520066","16","052","0066",Chuquiapan,Rural,34.0744
"160520067","16","052","0067",Chuta,Rural,9.7026
"160520119","16","052","0119",La Manzanilla Uno,Rural,5.7416
"160520123","16","052","0123",Mexcalhuacán,Rural,7.5092
"160520132","16","052","0132",Nexpa (Neixpa),Rural,4.2505
"160520150","16","052","0150",Las Peñas,Rural,31.2646
"160520231","16","052","0231",El Carrizalillo,Rural,5.9405
"160520257","16","052","0257",Los Llanos del Bejuco,Rural,25.4163
"160520284","16","052","0284",La Villita,Rural,6.9292
"160520432","16","052","0432",Villa Dorada,Rural,9.7388
"160520565","16","052","0565",El Mirador,Rural,0.6437
"160520566","16","052","0566",Playa del Carmen,Rural,9.4745
"160520065","16","052","0065",Chucutitán,Rural,36.7539
"160520001","16","052","0001",Ciudad Lázaro Cárdenas,Urbana,6308.7643
"160520035","16","052","0035",Bahía Bufadero (Caleta de Campos),Urbana,182.1157
"160520077","16","052","0077",Las Guacamayas,Urbana,877.2029
"160520137","16","052","0137",La Orilla,Urbana,508.5180
"160520158","16","052","0158",Playa Azul,Urbana,213.6568
"160520457","16","052","0457",El Vergelito (La Orilla Vieja),Rural,6.6441
"160520495","16","052","0495",San Isidro Labrador,Rural,5.0587
"160520435","16","052","0435",Movimiento Urbano Popular [Colonia],Rural,21.8687
"180010115","18","001","0115",Chalpa,Rural,2.0342
"180040137","18","004","0137",Platanitos,Rural,4.7730
"180040572","18","004","0572",Reserva Natural del Palmar (El Suspiro) [Colonia],Rural,7.8834
"180040128","18","004","0128",La Peñita de Jaltemba,Urbana,273.6106
"180040020","18","004","0020",Los Ayala,Rural,50.2097
"180040154","18","004","0154",Rincón de Guayabitos,Urbana,258.4335
"180040626","18","004","0626",Chacalilla,Rural,41.8954
"180040065","18","004","0065",Chacala,Rural,19.4343
"180040616","18","004","0616",Villas del Trópico,Rural,11.0354
"180040322","18","004","0322",Paraíso Escondido [Colonia],Urbana,99.4491
"180120006","18","012","0006",Boca del Asadero,Rural,6.5607
"180120013","18","012","0013",La Culebra,Rural,18.6746
"180120027","18","012","0027",Laureles y Góngora (El Limón),Rural,16.2008
"180120037","18","012","0037",Pimientillo,Rural,25.9791
"180120041","18","012","0041",Playa de Ramírez,Rural,9.1993
"180120059","18","012","0059",La Manzanilla,Rural,9.4679
"180120079","18","012","0079",Puerto Balleto (Isla María Madre),Rural,60.6526
"180120039","18","012","0039",Playa de los Cocos,Rural,20.1074
"180120018","18","012","0018",La Goma,Rural,19.3326
"180120001","18","012","0001",San Blas,Urbana,302.2181
"180120003","18","012","0003",Aticama,Rural,64.8972
"180120009","18","012","0009",Laureles y Góngora (El Ciruelo),Rural,31.5709
"180120043","18","012","0043",Santa Cruz de Miramar,Rural,63.1533
"180120035","18","012","0035",La Palma,Rural,55.8137
"180120023","18","012","0023",Isla del Conde,Rural,22.7559
"180150056","18","015","0056",Puerta de Mangos,Rural,55.4920
"180150063","18","015","0063",San Isidro,Rural,18.8312
"180150076","18","015","0076",El Turco,Rural,18.0071
"180150077","18","015","0077",Valle Zaragoza,Rural,20.7713
"180150083","18","015","0083",Playa el Sesteo,Rural,10.3879
"180150013","18","015","0013",El Capomal,Rural,72.0826
"180150001","18","015","0001",Santiago Ixcuintla,Urbana,417.8111
"180150052","18","015","0052",La Presa,Urbana,84.2861
"180150080","18","015","0080",Villa Hidalgo,Urbana,258.6830
"180150081","18","015","0081",Villa Juárez,Urbana,98.0838
"180150008","18","015","0008",El Botadero,Rural,38.5753
"180150004","18","015","0004",Amapa,Rural,70.8553
"180150011","18","015","0011",Cañada del Tabaco,Rural,56.2493
"180150022","18","015","0022",El Corte (El Tuchi),Rural,44.8367
"180150007","18","015","0007",Boca de Camichín,Rural,25.5926
"180150021","18","015","0021",Los Corchos,Rural,30.8658
"180150025","18","015","0025",Palmar de Cuautla,Rural,54.0876
"180160005","18","016","0005",Arenitas,Rural,7.5798
"180160038","18","016","0038",Playa Novillero,Rural,54.7287
"180160044","18","016","0044",El Roblito,Rural,14.1649
"180160108","18","016","0108",La Puntilla,Rural,11.6511
"180200024","18","020","0024",Flamingos,Rural,634.5890
"180200118","18","020","0118",Litibú,Rural,21.1595
"180200092","18","020","0092",Sayulita,Urbana,164.3672
"180200072","18","020","0072",Punta del Burro,Rural,9.1305
"180200013","18","020","0013",Bucerías,Urbana,402.6120
"180200027","18","020","0027",Cruz de Huanacaxtle,Urbana,308.6927
"180200043","18","020","0043",Las Jarretaderas,Urbana,224.5195
"180200046","18","020","0046",Lo de Marcos,Rural,121.4514
"180200059","18","020","0059",Nuevo Vallarta,Rural,692.1750
"180200106","18","020","0106",Corral del Risco (Punta de Mita),Rural,58.4647
"180200081","18","020","0081",San Francisco,Rural,126.3801
"203070042","20","307","0042",Playa Grande,Rural,15.7557
"203180097","20","318","0097",El Xiikharo [Fraccionamiento],Rural,1.7064
"203180098","20","318","0098",Brisas del Puerto [Fraccionamiento],Rural,1.3098
"203180009","20","318","0009",Puerto Escondido,Urbana,1205.6040
"203240065","20","324","0065",Colonia la Mina,Rural,9.6271
"203240148","20","324","0148",Estacahuite,Rural,9.7515
"203240103","20","324","0103",Tahueca,Rural,14.1308
"203240025","20","324","0025",Puerto Ángel,Urbana,212.3264
"203240151","20","324","0151",Barra de Cuatunalco,Rural,6.1269
"203240084","20","324","0084",Playa Zipolite,Rural,61.4325
"203270009","20","327","0009",Conchalito,Rural,24.2322
"203270051","20","327","0051",Pesquería Puerto Paloma,Rural,18.5982
"203270010","20","327","0010",Pesquería Guadalupe,Rural,13.7727
"203270003","20","327","0003",Bernal,Rural,10.7638
"203270006","20","327","0006",Rincón Juárez,Rural,44.7034
"203270023","20","327","0023",Trejo,Rural,12.8506
"203270050","20","327","0050",Pesquería Rancho Salinas,Rural,34.2004
"203340277","20","334","0277",Campamento Cerro Hermoso,Rural,17.3673
"203340047","20","334","0047",El Venado,Rural,1.3957
"203340079","20","334","0079",Cerro Hermoso,Rural,13.0560
"203340016","20","334","0016",Chacahua,Rural,21.2978
"203340070","20","334","0070",El Zapotalito,Rural,38.4851
"203340059","20","334","0059",El Azufre,Rural,34.3635
"203340269","20","334","0269",Vista Hermosa,Rural,2.6698
"203340301","20","334","0301",Chacahua la Grúa,Rural,8.2804
"203340007","20","334","0007",El Cacalote,Rural,34.0712
"204130097","20","413","0097",La Bocana de Copalita,Rural,11.3241
"204130021","20","413","0021",Bahía de Santa Cruz Huatulco,Rural,17.5438
"204130092","20","413","0092",Boca Vieja (Barra Boca Vieja),Rural,1.6255
"204130095","20","413","0095",Tangolunda,Rural,111.1102
"204130125","20","413","0125",Balcones de Tangolunda,Rural,34.0851
"204130124","20","413","0124",El Arrocito,Rural,58.9541
"204130050","20","413","0050",Huatunalco (Barra de Huatunalco),Rural,23.5027
"204130105","20","413","0105",San Agustín,Rural,16.2081
"204130134","20","413","0134",Residencial Conejos,Rural,21.8412
"204130078","20","413","0078",Crucecita,Urbana,535.1677
"204390074","20","439","0074",La Barra del Potrero,Rural,3.5296
"204390091","20","439","0091",San Agustinillo,Rural,4.9048
"204390103","20","439","0103",Tilzapote,Rural,0.8826
"204390120","20","439","0120",Arroyo Tres,Rural,19.0041
"204390102","20","439","0102",Guapinole,Rural,9.1745
"204390013","20","439","0013",Escobilla,Rural,29.9085
"204390016","20","439","0016",Mazunte,Rural,44.4257
"204390131","20","439","0131",Agua Blanca,Rural,45.8628
"204820010","20","482","0010",Corralero,Rural,35.6357
"204820022","20","482","0022",Minitán,Rural,2.6802
"204820027","20","482","0027",Playa Banco de Oro,Rural,12.8465
"204820035","20","482","0035",Paso de la Garrocha,Rural,1.5755
"204850002","20","485","0002",Cahuitán,Rural,5.3520
"205150005","20","515","0005",Concepción Bamba,Rural,20.4871
"200430003","20","043","0003",Chicapa de Castro,Urbana,185.5626
"200430004","20","043","0004",Santa María del Mar,Rural,44.5762
"200430025","20","043","0025",Playa San Vicente,Rural,14.3568
"200790014","20","079","0014",Playa Brasil,Rural,21.7042
"200790018","20","079","0018",Las Escolleras,Rural,29.5419
"200790002","20","079","0002",Boca del Río,Rural,31.1464
"200790038","20","079","0038",Lagunas [Colonia],Rural,31.6249
"200790017","20","079","0017",Colonia Santita,Rural,42.4621
"200790007","20","079","0007",Ensenada de la Ventosa,Rural,59.3801
"200790003","20","079","0003",Salinas del Marqués,Rural,85.3709
"200790001","20","079","0001",Salina Cruz,Urbana,3169.7039
"201300001","20","130","0001",San Dionisio del Mar,Urbana,179.5761
"201300002","20","130","0002",Huamúchil,Rural,112.5001
"201300006","20","130","0006",San Dionisio Pueblo Viejo,Rural,8.0781
"201410003","20","141","0003",Puerto Estero,Rural,7.4510
"201410001","20","141","0001",San Francisco del Mar Pueblo Viejo,Rural,50.8969
"201430063","20","143","0063",Cachimbo,Rural,1.7137
"201840024","20","184","0024",La Esmalta,Rural,20.9614
"201840056","20","184","0056",San Rafael,Rural,11.1527
"201840085","20","184","0085",Sebastopol,Rural,31.8547
"201840140","20","184","0140",Colonia Víctor Bravo Ahuja (Segunda Etapa),Rural,2.7985
"201840215","20","184","0215",Santa Úrsula,Rural,35.1979
"201840259","20","184","0259",El Desengaño,Rural,11.8490
"201840146","20","184","0146",Conjunto Residencial Sebastopol,Rural,4.2176
"201840040","20","184","0040",Paso Canoa,Rural,63.0720
"201840391","20","184","0391",Catarino Torres Pereda,Rural,73.6013
"201840038","20","184","0038",Papaloapan,Rural,56.9591
"201840316","20","184","0316",Rosario Ibarra de Piedra [Centro de Población],Rural,6.0945
"201840019","20","184","0019",Camelia Roja,Rural,65.0066
"201840273","20","184","0273",Los Reyes (Ampliación Santa Úrsula),Rural,20.0930
"201840061","20","184","0061",Santa Teresa Papaloapan,Rural,32.1149
"201840393","20","184","0393",Raúl Ferrer [Colonia],Rural,9.7316
"201840107","20","184","0107",Los Mangales (La Estopa),Rural,13.4982
"201840044","20","184","0044",El Porvenir,Rural,42.1540
"201840042","20","184","0042",Paso Rincón,Rural,27.0218
"201840071","20","184","0071",Zacate Colorado,Rural,34.3206
"201840001","20","184","0001",San Juan Bautista Tuxtepec,Urbana,4191.5239
"201840050","20","184","0050",San Bartolo,Urbana,165.7450
"201840404","20","184","0404",Emiliano Zapata [Colonia],Rural,5.3057
"201840411","20","184","0411",La Unión,Rural,2.6048
"201840035","20","184","0035",Mundo Nuevo,Rural,6.3454
"201840116","20","184","0116",Piedra Quemada,Rural,22.0873
"201840356","20","184","0356",Pio V Becerra Ballesteros,Rural,9.7481
"201840091","20","184","0091",San Rosendo,Rural,1.4029
"202480009","20","248","0009",Laguna Santa Cruz,Rural,22.5375
"202480002","20","248","0002",Colonia Cuauhtémoc,Rural,28.9595
"202480006","20","248","0006",Costa Rica,Rural,49.8454
"202480010","20","248","0010",Barrio Nuevo,Rural,10.7175
"202480001","20","248","0001",San Mateo del Mar,Urbana,208.8488
"202480004","20","248","0004",Colonia Juárez,Urbana,604.7467
"202780034","20","278","0034",Playa de Jícama,Rural,21.2821
"202780050","20","278","0050",El Capulín,Rural,33.6167
"202780030","20","278","0030",Nuevo Soyaltepec,Rural,29.9724
"202780029","20","278","0029",Nuevo Pescadito de Abajo,Rural,22.3333
"202780012","20","278","0012",Corral de Piedra,Rural,30.8780
"202780006","20","278","0006",La Candelaria,Rural,21.6391
"202780020","20","278","0020",Las Margaritas,Rural,61.4492
"202780028","20","278","0028",Nuevo Pescadito de Enmedio,Rural,26.6421
"204010086","20","401","0086",Colonia Libertad,Rural,19.2656
"204010087","20","401","0087",Marinero,Rural,13.4125
"204010071","20","401","0071",Laguna Encantada,Rural,72.5383
"204010003","20","401","0003",Barra de Navidad,Rural,47.6441
"204010049","20","401","0049",La Barra de Colotepec,Rural,69.1993
"204010088","20","401","0088",Punta de Zicatela,Rural,21.1170
"204010018","20","401","0018",El Tomatal,Rural,43.7492
"204010016","20","401","0016",El Puertecito,Rural,16.9280
"204010021","20","401","0021",Ventanilla,Rural,17.7891
"204010050","20","401","0050",Brisas de Zicatela,Urbana,506.0565
"204010106","20","401","0106",Emiliano Zapata,Rural,65.5736
"230010754","23","001","0754",Huerto Familiar,Rural,17.9213
"230010001","23","001","0001",Cozumel,Urbana,2286.0442
"230030092","23","003","0092",Punta Sam,Rural,11.1662
"230030476","23","003","0476",La Amada [Residencial],Rural,8.6559
"230030001","23","003","0001",Isla Mujeres,Urbana,393.5568
"230040111","23","004","0111",Xcalak,Rural,30.2544
"230040053","23","004","0053",Mahahual,Urbana,228.4155
"230050929","23","005","0929",Moon Palace,Rural,475.1626
"230050001","23","005","0001",Cancún,Urbana,14264.9787
"230070012","23","007","0012",Holbox,Rural,150.2158
"230070008","23","007","0008",Chiquilá,Rural,67.1854
"230080100","23","008","0100",Mayan Palace,Rural,115.8908
"230080111","23","008","0111",Valentín Maya Resort,Rural,49.2837
"230080157","23","008","0157",Blue Diamond [Hotel],Rural,15.4144
"230080200","23","008","0200",Playa del Secreto,Rural,11.7907
"230080201","23","008","0201",Iberostar,Rural,159.8207
"230080217","23","008","0217",Punta Maroma,Rural,112.2102
"230080230","23","008","0230",San Francisco,Rural,12.8252
"230080231","23","008","0231",Club Tulum Palace,Rural,47.2634
"230080241","23","008","0241",San Antonio,Rural,1.4407
"230080265","23","008","0265",San José,Rural,11.0640
"230080285","23","008","0285",Grand Palladium,Rural,84.2487
"230080345","23","008","0345",Xpu Ha,Rural,65.6477
"230080382","23","008","0382",Barceló Maya,Rural,93.8692
"230080384","23","008","0384",Ocean Maya Royale,Rural,36.1129
"230080496","23","008","0496",Tres Ríos,Rural,36.3941
"230080596","23","008","0596",Marina Maroma,Rural,7.3029
"230080613","23","008","0613",Secrets Capri,Rural,21.6369
"230080641","23","008","0641",Dorado Royale,Rural,24.3300
"230080642","23","008","0642",Santa Teresita,Rural,56.3621
"230080817","23","008","0817",Blue Bay Grand Esmeralda,Rural,95.6173
"230080818","23","008","0818",Playa Paraíso,Rural,13.1736
"230080835","23","008","0835",Grand Sirenis,Rural,190.7489
"230080001","23","008","0001",Playa del Carmen,Urbana,4979.9773
"230080308","23","008","0308",Puerto Aventuras,Urbana,326.5989
"230090016","23","009","0016",Aventuras Akumal,Rural,2.1884
"230090018","23","009","0018",Gran Bahía Príncipe,Rural,413.1493
"230090053","23","009","0053",Chan Chemuyil,Rural,4.6667
"230090055","23","009","0055",Ciudad Chemuyil,Rural,13.9385
"230090067","23","009","0067",Crucero de las Ruinas de Tulum,Rural,39.2384
"230090104","23","009","0104",Jacinto Pat,Rural,12.9193
"230090106","23","009","0106",Javier Rojo Gómez (Punta Allen),Rural,18.6816
"230090154","23","009","0154",Oasis Akumal,Rural,4.4195
"230090237","23","009","0237",Tankah Cuatro,Rural,9.2078
"230090332","23","009","0332",Yalkú,Rural,11.5534
"230090005","23","009","0005",Akumal,Rural,62.3374
"230090001","23","009","0001",Tulum,Urbana,1056.6840
"230110001","23","011","0001",Puerto Morelos,Urbana,776.7294
"250010349","25","001","0349",Paredones,Rural,16.5559
"250011045","25","001","1045",Campo Nuevo,Rural,19.9424
"250010166","25","001","0166",Jitzámuri,Rural,58.9454
"250011001","25","001","1001",El Hecho,Rural,7.4736
"250010448","25","001","0448",Lázaro Cárdenas (Muellecito),Rural,34.2774
"250010169","25","001","0169",Las Lajitas,Rural,5.6861
"250010119","25","001","0119",El Colorado,Urbana,49.0404
"250010240","25","001","0240",Topolobampo,Urbana,376.6923
"250010800","25","001","0800",El Maviri (Baviri),Rural,20.3182
"250020035","25","002","0035",Costa Azul,Rural,68.2899
"250020093","25","002","0093",La Reforma,Urbana,245.1581
"250060133","25","006","0133",Las Arenitas,Rural,39.1409
"250061044","25","006","1044",El Robalar,Rural,17.9999
"250063300","25","006","3300",Poblado el Vigía,Rural,8.7749
"250060305","25","006","0305",El Conchal,Rural,11.1524
"250062262","25","006","2262",Ponce,Rural,33.8128
"250060311","25","006","0311",Cospita,Rural,18.1989
"250080180","25","008","0180",Rosendo Nieblas,Rural,28.0919
"250080028","25","008","0028",Ejido Culiacán (Culiacancito),Rural,29.3118
"250080164","25","008","0164",Celestino Gazca Villaseñor,Rural,32.6566
"250080404","25","008","0404",Playa Ceuta,Rural,10.2202
"250090060","25","009","0060",Teacapán,Urbana,143.3214
"250110751","25","011","0751",Las Glorias,Rural,70.3897
"250110969","25","011","0969",Bellavista,Rural,77.1333
"250110148","25","011","0148",El Huitussi,Rural,24.5229
"250110386","25","011","0386",Boca del Río,Rural,42.5526
"250110065","25","011","0065",El Cerro Cabezón,Urbana,42.9504
"250140022","25","014","0022",La Guásima,Rural,47.6545
"250140020","25","014","0020",Ejido Gregorio Vázquez Moreno (San Joachín),Rural,41.0469
"250160335","25","016","0335",La Chicayota (Chilacayotas),Rural,17.3192
"250160774","25","016","0774",Lomas del Mar de Piaxtla (La Playa),Rural,6.3433
"250160131","25","016","0131",El Pozole,Rural,27.2833
"250160676","25","016","0676",Barras de Piaxtla,Rural,42.1488
"250182205","25","018","2205",Isla Cortés,Rural,194.8579
"250180126","25","018","0126",Yameto,Rural,8.1661
"250180113","25","018","0113",El Tetuán Viejo,Rural,23.3814
"250180434","25","018","0434",El Tetuán Nuevo,Rural,66.3641
"250180066","25","018","0066",El Laco,Rural,7.5538
"250180170","25","018","0170",Avándaro,Rural,29.6868
"250180131","25","018","0131",Las Aguamitas,Rural,49.4646
"250180041","25","018","0041",El Castillo,Urbana,74.8947
"250180054","25","018","0054",Dautillos,Rural,88.3913
"250180006","25","018","0006",Altata,Rural,142.0675
"250180322","25","018","0322",Las Puentes (Guadalupe Victoria),Rural,30.5301
"260170219","26","017","0219",Playa Santo Tomás,Rural,39.3502
"260170166","26","017","0166",Puerto Lobos,Rural,83.4811
"260170080","26","017","0080",Desemboque,Rural,46.3769
"260250082","26","025","0082",Cochórit,Rural,18.4294
"260250001","26","025","0001",Empalme,Urbana,1594.6561
"260291708","26","029","1708",Campestre Corceles,Rural,83.1815
"260291364","26","029","1364",Costa del Mar,Rural,13.9791
"260290631","26","029","0631",El Renacimiento,Rural,38.2980
"260291559","26","029","1559",Puesta del Sol,Rural,8.4830
"260291394","26","029","1394",La Manga Tres,Rural,6.8313
"260291393","26","029","1393",La Manga Dos,Rural,7.4441
"260291299","26","029","1299",Marina Real,Rural,100.6745
"260291298","26","029","1298",La Manga (Campo Pesquero la Manga),Rural,19.6548
"260290111","26","029","0111",Guásimas (De Belem),Rural,73.2591
"260290025","26","029","0025",San Carlos (San Carlos Nuevo Guaymas),Urbana,940.6838
"260290001","26","029","0001",Heroica Guaymas,Urbana,3887.3763
"260300136","26","030","0136",Punta Chueca,Rural,44.7609
"260300208","26","030","0208",El Colorado,Rural,58.3116
"260301214","26","030","1214",El Choyudo (Los Japoneses),Rural,42.4805
"260300137","26","030","0137",Bahía de Kino,Urbana,703.4025
"260303258","26","030","3258",Sahuímero,Rural,9.4818
"260330115","26","033","0115",Playa los Baños,Rural,17.5078
"260330017","26","033","0017",Las Bocas,Rural,291.7803
"260330221","26","033","0221",Playa Camahuiroa,Rural,57.8334
"260330002","26","033","0002",Agiabampo Uno,Rural,99.7565
"260330013","26","033","0013",Bachimojaqui,Rural,36.6609
"260330020","26","033","0020",Camahuiroa,Rural,20.4457
"260330099","26","033","0099",Yavaros (Isla las Viejas),Urbana,211.7851
"260330421","26","033","0421",Playa Bachomojaqui,Rural,37.4678
"260470027","26","047","0027",Desemboque de los Seris (El Desemboque),Rural,20.9029
"260470065","26","047","0065",Puerto Libertad,Urbana,331.1006
"260480004","26","048","0004",Bahía la Choya,Rural,108.8898
"260480259","26","048","0259",Playa Miramar,Rural,33.2788
"260480272","26","048","0272",Playa Dorada (Playa Norte),Rural,22.2218
"260480081","26","048","0081",Playa Encanto,Rural,79.0199
"260480251","26","048","0251",Playa la Joya,Rural,24.1331
"260480153","26","048","0153",Estero de Morúa,Rural,19.1993
"260480269","26","048","0269",Laguna Shores,Rural,41.2142
"260480090","26","048","0090",Las Conchas,Rural,203.3290
"260480243","26","048","0243",Playa San Jorge,Rural,57.8020
"260480300","26","048","0300",The Castle Sand,Rural,2.8615
"260480301","26","048","0301",Alfredo López Aceves,Rural,49.6589
"260480001","26","048","0001",Puerto Peñasco,Urbana,4034.7857
"260550011","26","055","0011",Golfo de Santa Clara,Urbana,414.7040
"260710141","26","071","0141",Paredoncito,Rural,75.0355
"260710139","26","071","0139",Paredón Colorado (Paredón Viejo),Urbana,66.9628
"270020041","27","002","0041",El Mingo,Rural,34.8129
"270020043","27","002","0043",Habanero 1ra. Sección,Rural,8.5094
"270020045","27","002","0045",Habanero 1ra. Sección (Venustiano Carranza),Rural,30.6614
"270020121","27","002","0121",Pedro Sánchez Magallanes,Rural,5.5468
"270020165","27","002","0165",General Francisco Villa,Rural,3.7875
"270020031","27","002","0031",Cuauhtemoczín,Rural,35.7472
"270020145","27","002","0145",Paso y Playa,Rural,19.1728
"270020157","27","002","0157",Las Coloradas 2da. Sección (Ampliación las Aldeas),Rural,20.8055
"270020118","27","002","0118",El Barí 1ra. Sección,Rural,30.6632
"270020150","27","002","0150",La Península,Rural,20.8407
"270020160","27","002","0160",Benito Juárez (La Playita),Rural,19.6056
"270020058","27","002","0058",Nueva Zelandia (El Ingenio),Rural,4.9218
"270020022","27","002","0022",Coronel Andrés Sánchez Magallanes,Urbana,104.9882
"270020062","27","002","0062",Paso y Playa,Rural,17.5719
"270030007","27","003","0007",Carlos A. Madrazo,Rural,94.2303
"270030036","27","003","0036",Ignacio Zaragoza,Rural,72.1278
"270030037","27","003","0037",Jalapita,Rural,1.6862
"270030045","27","003","0045",Nuevo Centla,Rural,16.5597
"270030046","27","003","0046",Potrerillo,Rural,2.7490
"270030053","27","003","0053",Barra de San Pedro,Rural,15.1583
"270030083","27","003","0083",Pico de Oro,Rural,7.4382
"270030089","27","003","0089",San Juan,Rural,103.2301
"270030188","27","003","0188",El Bosque,Rural,6.9437
"270030211","27","003","0211",Arroyo Polo 2da. Sección,Rural,4.6585
"270030284","27","003","0284",Carlos Rovirosa 2da. Sección (La Costeñita),Rural,1.4314
"270030262","27","003","0262",Fraccionamiento Miramar,Rural,51.6856
"270030048","27","003","0048",Quintín Aráuz,Rural,22.2622
"270030022","27","003","0022",Emiliano Zapata,Rural,15.1266
"270030001","27","003","0001",Frontera,Urbana,495.1649
"270030015","27","003","0015",Cuauhtémoc,Urbana,121.4657
"270030035","27","003","0035",Ignacio Allende,Urbana,588.7676
"270030061","27","003","0061",Vicente Guerrero,Urbana,228.6048
"270030082","27","003","0082",La Sábana,Rural,112.1964
"270040020","27","004","0020",Acachapan y Colmena 2da. Sección (La Arena),Rural,59.0232
"270040021","27","004","0021",Acachapan y Colmena 3ra. Sección,Rural,146.0602
"270040024","27","004","0024",Acachapan y Colmena 4ta. Sección,Rural,123.9247
"270040025","27","004","0025",Acachapan y Colmena 5ta. Sección,Rural,27.6829
"270040083","27","004","0083",Aztlán 4ta. Sección (Corcho y Chilapilla),Rural,16.3592
"270040172","27","004","0172",Torno Largo 2da. Sección,Rural,16.8613
"270040188","27","004","0188",Gaviotas Sur (El Cedral),Rural,11.8207
"270040279","27","004","0279",Dieciséis de Septiembre,Rural,211.5299
"270040151","27","004","0151",Plátano y Cacao 1ra. Sección,Rural,237.3678
"270040154","27","004","0154",Pueblo Nuevo de las Raíces,Rural,88.5375
"270040078","27","004","0078",Corregidora Ortiz 3ra. Sección (San Pedrito),Rural,137.9603
"270040182","27","004","0182",Plutarco Elías Calles (Cura Hueso),Rural,10.2176
"270040079","27","004","0079",Corregidora Ortiz 4ta. Sección,Rural,7.2429
"270040050","27","004","0050",Barrancas y Guanal Tintillo,Rural,38.4914
"270040092","27","004","0092",Estanzuela 1ra. Sección,Rural,42.0468
"270040171","27","004","0171",Torno Largo 1ra. Sección,Rural,34.7967
"270040263","27","004","0263",Plutarco Elías Calles (La Majahua),Rural,12.5450
"270040150","27","004","0150",Plátano y Cacao 4ta. Sección,Rural,188.7776
"270040044","27","004","0044",Aztlán 1ra. Sección,Rural,111.2686
"270040186","27","004","0186",La Manga 2da. Sección (El Jobal),Rural,261.3544
"270040001","27","004","0001",Villahermosa,Urbana,6334.6235
"270040145","27","004","0145",Parrilla,Urbana,336.3875
"270040146","27","004","0146",Guapinol,Urbana,181.8218
"270040019","27","004","0019",Acachapan y Colmena 1ra. Sección,Rural,25.0817
"270060021","27","006","0021",Dos Ceibas,Rural,16.8856
"270060071","27","006","0071",El Carmen (Cumuapa),Rural,22.6834
"270060114","27","006","0114",Nicolás Bravo,Rural,21.7731
"270060111","27","006","0111",Colima,Rural,3.4208
"270060069","27","006","0069",Cucuyulapa 2da. Sección (Puente Samaria),Rural,36.5333
"270060016","27","006","0016",Cucuyulapa,Urbana,1464.9913
"270060082","27","006","0082",Cunduacán (El Moté),Rural,15.9576
"270080101","27","008","0101",Villa Flores 2da. Sección,Rural,182.5865
"270080117","27","008","0117",Ostitán 2da. Sección,Rural,0.7417
"270080176","27","008","0176",Aureo L. Calles,Rural,3.6272
"270080250","27","008","0250",Aquiles Serdán 2da. Sección (Azucenita),Rural,0.2012
"270080432","27","008","0432",El Desecho 1ra. Sección (Playa I),Rural,1.8990
"270080507","27","008","0507",Caobanal 1ra. Sección (La Victoria),Rural,3.3840
"270080601","27","008","0601",San Manuel Tenerife,Rural,19.2809
"270080433","27","008","0433",El Dorado,Rural,30.9841
"270080087","27","008","0087",San Manuel,Rural,23.1521
"270080061","27","008","0061",Otra Banda 2da. Sección,Rural,181.9727
"270080012","27","008","0012",Caobanal 1ra. Sección (Mezcalapa),Rural,9.0118
"270080018","27","008","0018",El Desecho 1ra. Sección,Rural,7.3623
"270080577","27","008","0577",Tío Moncho (Caobanal 1ra. Sección),Rural,4.2891
"270080651","27","008","0651",Por la Moral de un Presidente,Rural,9.2427
"270080670","27","008","0670",Libertad Agraria,Rural,4.9243
"270080056","27","008","0056",Los Naranjos 1ra. Sección (Campechito),Rural,20.4060
"270080628","27","008","0628",Mastelero,Rural,10.7148
"270080001","27","008","0001",Huimanguillo,Urbana,614.3191
"270090013","27","009","0013",Francisco J. Santamaría (Cacao),Rural,15.1364
"270100039","27","010","0039",Tierra Adentro 2da. Sección,Rural,0.3139
"270110007","27","011","0007",Boca de San Antonio,Rural,4.3628
"270110027","27","011","0027",El Sacrificio,Rural,96.0780
"270110029","27","011","0029",Torno Largo 1ra. Sección A (Benito Juárez),Rural,5.7688
"270110030","27","011","0030",Torno Largo 2da. Sección,Rural,28.3007
"270110048","27","011","0048",Chanero,Rural,5.7531
"270110113","27","011","0113",Corozal,Rural,6.1856
"270110174","27","011","0174",Ribera Baja 1ra. Sección B,Rural,0.7081
"270110220","27","011","0220",San Cristóbal,Rural,3.0605
"270110268","27","011","0268",La Bendición de Dios,Rural,3.0290
"270110288","27","011","0288",El Sitio,Rural,1.9500
"270110018","27","011","0018",José María Pino Suárez (San Pedro),Rural,36.6538
"270110001","27","011","0001",Jonuta,Urbana,239.3437
"270130065","27","013","0065",El Chiflón,Rural,5.1368
"270130042","27","013","0042",Isla Guadalupe,Rural,10.6552
"270130015","27","013","0015",Jiménez,Rural,13.5600
"270130037","27","013","0037",El Zapote,Rural,49.2977
"270130020","27","013","0020",Oxiacaque,Rural,42.8835
"270130019","27","013","0019",Olcuatitán,Rural,21.7153
"270140002","27","014","0002",Aquiles Serdán,Rural,128.7957
"270140003","27","014","0003",Aquiles Serdán,Rural,22.0183
"270140008","27","014","0008",Chiltepec (Puerto Chiltepec),Rural,25.6948
"270140010","27","014","0010",Las Flores 2da. Sección,Rural,2.8806
"270140042","27","014","0042",La Unión 2da. Sección,Rural,6.1315
"270140061","27","014","0061",Chiltepec (Sección Tanque),Rural,146.4965
"270140041","27","014","0041",La Unión 1ra. Sección (Amatillo),Rural,6.9072
"270140054","27","014","0054",Chiltepec (Sección Pénjamo),Rural,521.2483
"270140046","27","014","0046",Chiltepec (Sección Banco),Rural,137.5848
"270140013","27","014","0013",José María Morelos y Pavón (El Bellote),Rural,62.0060
"270140028","27","014","0028",Nuevo Torno Largo,Rural,19.1495
"270140004","27","014","0004",El Bellote (Miguel de la Madrid),Rural,11.2051
"270140001","27","014","0001",Paraíso,Urbana,680.6545
"270140006","27","014","0006",Puerto Ceiba,Urbana,76.5493
"270140033","27","014","0033",Las Flores 3ra. Sección (El Cerro),Rural,59.5434
"280020021","28","002","0021",Barra del Tordo,Rural,58.5213
"280020449","28","002","0449",Las Flores,Rural,26.7687
"280020367","28","002","0367",Paraíso Tortugas,Rural,64.1851
"280020146","28","002","0146",Morón,Rural,30.4290
"280020517","28","002","0517",El Ojite,Rural,8.5611
"280030789","28","003","0789",Velamar,Rural,53.7896
"280030685","28","003","0685",Altamira [Puerto Industrial],Rural,1188.0234
"280090001","28","009","0001",Ciudad Madero,Urbana,4843.3847
"280220583","28","022","0583",La Capilla,Rural,183.0634
"280220962","28","022","0962",Isla la Mano de León,Rural,179.2126
"280221082","28","022","1082",Isla las Malvinas,Rural,42.4646
"280221083","28","022","1083",Isla la Fantasía,Rural,20.2663
"280221084","28","022","1084",Isla Puntilla Norte,Rural,16.3103
"280221085","28","022","1085",Isla del Amor (Puntilla Sur),Rural,19.7890
"280221217","28","022","1217",Segundo Campo Pesquero y el Chichonal,Rural,13.4373
"280221506","28","022","1506",Primer Campo Pesquero,Rural,27.4858
"280220523","28","022","0523",Playa Bagdad [Centro Recreativo],Rural,48.5806
"280220192","28","022","0192",El Mezquital,Rural,33.9877
"280220603","28","022","0603",Las Higuerillas,Rural,156.1183
"280350456","28","035","0456",Carvajal,Rural,49.1961
"280350460","28","035","0460",Punta de Alambre (Puente de Alambre),Rural,41.0258
"280350498","28","035","0498",La Media Luna,Rural,12.8518
"280350499","28","035","0499",General Francisco J. Mújica (La Poza),Rural,41.8672
"280350545","28","035","0545",Punta de Piedra,Rural,34.7129
"280350428","28","035","0428",El Barrancón del Tío Blas (El Barrancón),Rural,38.6595
"280350542","28","035","0542",Carboneras (La Carbonera),Urbana,187.8314
"280370131","28","037","0131",La Pesca,Rural,81.8687
"280370431","28","037","0431",Benito Juárez,Rural,86.3437
"280370616","28","037","0616",Miguel de la Madrid (El Canal),Rural,21.9915
"280370853","28","037","0853",Enramadas [Sociedad Cooperativa],Rural,20.4936
"280370887","28","037","0887",Sector la Pesca,Rural,10.4165
"280370209","28","037","0209",Vista Hermosa,Rural,65.3902
"280380001","28","038","0001",Tampico,Urbana,5551.6192
"300040101","30","004","0101",El Viejón Nuevo,Rural,19.8337
"300040104","30","004","0104",Villa Rica de la Veracruz,Rural,27.2428
"300050018","30","005","0018",La Mojarra,Rural,2.8077
"300050026","30","005","0026",San Miguel Xóchitl (San Miguel el Soldado),Rural,4.7805
"300050001","30","005","0001",Acula,Urbana,93.7844
"300090046","30","009","0046",Palma Sola,Urbana,132.1274
"300090068","30","009","0068",Santander,Rural,12.7098
"300090067","30","009","0067",Santa Ana,Rural,34.1620
"300110007","30","011","0007",Costa de la Palma,Rural,24.7695
"300110012","30","011","0012",Moral y Mosquitero,Rural,25.8106
"300110019","30","011","0019",Salinas,Rural,43.6925
"300110026","30","011","0026",Las Barrancas,Rural,13.0866
"300110030","30","011","0030",Camaronera,Rural,0.1631
"300110033","30","011","0033",Playa Zapote,Rural,17.7856
"300110044","30","011","0044",Chocotán,Rural,2.7483
"300110074","30","011","0074",Paso Salinas,Rural,10.7393
"300110102","30","011","0102",El Conchal,Rural,13.2287
"300110136","30","011","0136",Los Médanos de Buena Vista,Rural,16.1403
"300110166","30","011","0166",El Nanche,Rural,2.9926
"300110191","30","011","0191",Luis Martínez (El Canal),Rural,1.0246
"300110197","30","011","0197",Amado Nervo,Rural,10.4729
"300110210","30","011","0210",Las Escolleras,Rural,16.3417
"300110244","30","011","0244",Playa de la Libertad,Rural,8.2077
"300110404","30","011","0404",Playas del Conchal,Rural,86.5808
"300110436","30","011","0436",Vista Bella,Rural,13.6684
"300110438","30","011","0438",Residencial Playa Dorada,Rural,10.5862
"300110455","30","011","0455",Real Mandinga,Rural,34.5059
"300110004","30","011","0004",Arbolillo,Rural,18.9664
"300110442","30","011","0442",Fraccionamiento el Sendero Residencial,Rural,17.7047
"300110444","30","011","0444",Fraccionamiento Lomas de la Rioja,Rural,45.7997
"300110005","30","011","0005",El Bayo,Rural,49.7472
"300110437","30","011","0437",Lomas del Sol,Rural,55.7166
"300110456","30","011","0456",Costa Diamante,Rural,14.6792
"300110339","30","011","0339",Mallorca [Residencial],Rural,2.6220
"300110457","30","011","0457",Las Olas,Rural,17.1836
"300110064","30","011","0064",Mata de Uva,Rural,25.0076
"300110049","30","011","0049",Paso Nacional,Rural,20.5443
"300110401","30","011","0401",Punta Tiburón,Rural,160.8135
"300110435","30","011","0435",Fraccionamiento las Lomas,Rural,59.7609
"300110432","30","011","0432",Banus,Rural,22.1952
"300110001","30","011","0001",Alvarado,Urbana,301.1763
"300110003","30","011","0003",Antón Lizardo,Urbana,244.4370
"300110027","30","011","0027",Buen País,Rural,4.6120
"300120004","30","012","0004",El Corte,Rural,115.9331
"300120018","30","012","0018",Boca del Río,Rural,6.8120
"300120019","30","012","0019",Los Pinos (Buena Esperanza),Rural,2.7878
"300120026","30","012","0026",Rancho Nuevo (Los Cerros),Rural,17.6444
"300120016","30","012","0016",La Vuelta de Zopelican,Rural,21.2234
"300120001","30","012","0001",Amatitlán,Urbana,46.7805
"300120006","30","012","0006",Dos Bocas,Rural,59.1668
"300160002","30","016","0002",La Antigua,Rural,49.8770
"300160005","30","016","0005",José Ingenieros (San Vicente),Rural,18.4510
"300160010","30","016","0010",La Posta,Rural,40.3027
"300160025","30","016","0025",El Ciruelo (El Canal),Rural,3.9224
"300280055","30","028","0055",Boca del Río,Rural,7.9204
"300280058","30","028","0058",Fraccionamiento Rivera de la Condesa,Rural,5.2040
"300280062","30","028","0062",Residencial el Dorado,Rural,100.4255
"300280054","30","028","0054",El Estero,Rural,22.4675
"300280018","30","028","0018",San José Novillero,Rural,34.5379
"300280001","30","028","0001",Boca del Río,Urbana,172.5069
"300280037","30","028","0037",Veracruz,Urbana,1822.2184
"300320057","30","032","0057",El Real,Rural,24.1456
"300320076","30","032","0076",Barra de Sontecomapan,Rural,10.1086
"300320065","30","032","0065",Sontecomapan,Rural,89.0946
"300320022","30","032","0022",Calpultéolt (El Morro),Rural,22.2457
"300330008","30","033","0008",Coyol Norte,Rural,24.4535
"300330011","30","033","0011",La Encantada,Rural,43.0967
"300330021","30","033","0021",Las Palmas,Rural,29.0571
"300330025","30","033","0025",Vega de Progreso,Rural,18.2556
"300330045","30","033","0045",Chaca Gorda,Rural,1.8071
"300330002","30","033","0002",Barra de Cazones,Rural,64.7631
"300330081","30","033","0081",Playa Azul,Rural,8.1000
"300330014","30","033","0014",Marco Antonio Muñoz (El Chaparral),Rural,15.4167
"300390029","30","039","0029",Colorado,Rural,47.1789
"300390172","30","039","0172",Colonia Nueva Era,Rural,21.4098
"300390188","30","039","0188",Arenke,Rural,1.8904
"300390001","30","039","0001",Coatzacoalcos,Urbana,4104.6148
"300390021","30","039","0021",Allende,Urbana,2406.2914
"300390142","30","039","0142",Lomas de Barrillas,Urbana,158.9536
"300390147","30","039","0147",Fraccionamiento Ciudad Olmeca,Urbana,208.2732
"300390170","30","039","0170",Puerto Esmeralda,Urbana,72.6380
"300390166","30","039","0166",Colonia Veracruz,Rural,14.9821
"300390022","30","039","0022",Las Barrillas,Rural,60.5165
"300390187","30","039","0187",La Joya del Mar,Rural,24.7295
"300390178","30","039","0178",Villa San Martín,Urbana,103.3338
"300450014","30","045","0014",Ex-Carolina (Paso Chacaltianguis),Rural,28.0016
"300450028","30","045","0028",Las Peñitas,Rural,28.7548
"300450034","30","045","0034",El Saladero,Rural,10.7956
"300450137","30","045","0137",Paso Nuevo,Rural,10.1603
"300450202","30","045","0202",Pichoapa,Rural,7.3460
"300450187","30","045","0187",Estación Tuxtilla,Rural,25.9139
"300450128","30","045","0128",El Pedregal,Rural,2.6503
"300450006","30","045","0006",Cerro Colorado,Rural,81.9906
"300450026","30","045","0026",San Francisco (Oyozontle),Rural,108.8571
"300450004","30","045","0004",Benito Juárez,Rural,26.4498
"300450133","30","045","0133",Playa de Vaca (Agua Dulce),Rural,16.2657
"300450015","30","045","0015",Gabino Barreda,Urbana,292.4653
"300450027","30","045","0027",Paraíso Novillero,Urbana,150.3065
"300450152","30","045","0152",Santa Cruz,Rural,30.7079
"300480059","30","048","0059",Loma de Achota,Rural,6.2865
"300480095","30","048","0095",San Antonio,Rural,23.8362
"300480222","30","048","0222",El Dorado (Ampliación Estero del Pantano),Rural,13.2842
"300480011","30","048","0011",Estero del Pantano,Urbana,191.7190
"300540020","30","054","0020",Moyota,Rural,107.9497
"300540036","30","054","0036",Torno Largo,Rural,141.9609
"300540001","30","054","0001",Chacaltianguis,Urbana,151.6737
"300610004","30","061","0004",Ceiba Blanca,Rural,14.7867
"300610054","30","061","0054",Tierra Morada,Rural,8.5815
"300610058","30","061","0058",Fernando López Arias (El Zapote),Rural,25.0375
"300610247","30","061","0247",Guadalupe Victoria (Rancho Nuevo),Rural,5.4571
"300610689","30","061","0689",La Azteca,Rural,14.0269
"300611221","30","061","1221",El Esfuerzo,Rural,17.8860
"300610033","30","061","0033",Tecuanapa (Vicente Guerrero),Rural,5.1279
"300690002","30","069","0002",Anclón y Arenal,Rural,8.8663
"300690005","30","069","0005",Carrillo Puerto (Santa Rosa),Rural,79.7880
"300690006","30","069","0006",El Cepillo,Rural,9.0876
"300690013","30","069","0013",Lomas de Arena,Rural,63.8162
"300690015","30","069","0015",Macarena Arrazola,Rural,0.9269
"300690124","30","069","0124",Nuevo Renacimiento 2000,Rural,19.7816
"300690011","30","069","0011",Ignacio Muñoz (Zapotal),Rural,24.1128
"300690001","30","069","0001",Gutiérrez Zamora,Urbana,347.6915
"300700006","30","070","0006",Boca de Oro,Rural,14.9787
"300700014","30","070","0014",Licenciado Gabriel Ramos Millán,Rural,20.4415
"300700016","30","070","0016",Coapiloloya,Rural,4.3459
"300700032","30","070","0032",Fortuño y Potrero Largo,Rural,11.5718
"300700033","30","070","0033",Primero de Mayo,Rural,8.2278
"300700034","30","070","0034",El Progreso,Rural,11.8225
"300700037","30","070","0037",San Carlos,Rural,26.6423
"300700039","30","070","0039",La Tropical,Rural,10.1350
"300700041","30","070","0041",Vicente Guerrero,Rural,82.7571
"300700045","30","070","0045",La Esperanza,Rural,13.2867
"300700055","30","070","0055",La Ceiba,Rural,12.1139
"300700030","30","070","0030",Las Palomas,Rural,15.3849
"300700001","30","070","0001",Hidalgotitlán,Urbana,116.2949
"300820096","30","082","0096",Paraíso,Rural,20.3654
"300820003","30","082","0003",Villa del Espíritu Santo,Rural,17.3470
"300890002","30","089","0002",Ahuacatepec,Rural,8.9896
"300890006","30","089","0006",Buenavista de la Asunción,Rural,23.8912
"300890012","30","089","0012",Las Galeras,Rural,11.2959
"300890014","30","089","0014",La Lajilla,Rural,12.8632
"300890017","30","089","0017",Ranchoapan,Rural,11.2157
"300890020","30","089","0020",Malota,Rural,5.0909
"300890022","30","089","0022",Yancuigapan,Rural,15.9136
"300890003","30","089","0003",Ahuatepec,Rural,27.1932
"300890015","30","089","0015",Las Lomas de Tacamichapan,Rural,38.1728
"300910010","30","091","0010",Cascajal Uno,Rural,18.9995
"300910015","30","091","0015",Chalchijapan (Anexo el Paraíso),Rural,12.7529
"300910038","30","091","0038",Nuevo Paraíso,Rural,2.8632
"300910044","30","091","0044",Las Perlas,Rural,24.6845
"300910054","30","091","0054",Tecolotepec,Rural,6.0117
"300910055","30","091","0055",El Tepache,Rural,28.8804
"300910057","30","091","0057",Vista Hermosa (Colorado),Rural,0.7771
"300910031","30","091","0031",Madamita,Rural,10.7251
"301040013","30","104","0013",La Perla del Golfo,Rural,64.5246
"301050290","30","105","0290",Fraccionamiento Residencial Marino,Rural,3.2423
"301050288","30","105","0288",Las Palmas de Medellín,Rural,59.3611
"301080023","30","108","0023",Adalberto Tejeda,Rural,82.7951
"301080024","30","108","0024",Las Ánimas,Rural,25.6546
"301080026","30","108","0026",Antonio Plaza,Rural,7.7631
"301080029","30","108","0029",Buenavista de Juárez,Rural,25.1440
"301080035","30","108","0035",Ceiba Bonita,Rural,7.4672
"301080037","30","108","0037",La Concepción,Rural,14.8481
"301080046","30","108","0046",La Fortuna,Rural,5.0681
"301080055","30","108","0055",Ixhuatepec (Paso del Chipile),Rural,8.0465
"301080057","30","108","0057",Limonta,Rural,28.1681
"301080059","30","108","0059",Las Lomas,Rural,59.5175
"301080064","30","108","0064",Moctezuma,Rural,19.0025
"301080068","30","108","0068",Ojochapa,Rural,30.2269
"301080070","30","108","0070",Otapa,Rural,15.5881
"301080071","30","108","0071",La Paz,Rural,16.5782
"301080082","30","108","0082",La Victoria,Rural,41.3792
"301080083","30","108","0083",Filisola,Rural,7.0574
"301080084","30","108","0084",San Pedro Mezcalapa,Rural,6.9289
"301080148","30","108","0148",El Rubí,Rural,2.4327
"301080207","30","108","0207",El Jícaro,Rural,2.1135
"301080236","30","108","0236",Francisco I. Madero,Rural,34.5438
"301080286","30","108","0286",San Carlos,Rural,10.4019
"301080373","30","108","0373",Arroyo Mariano,Rural,6.6926
"301080117","30","108","0117",El Jagüey,Rural,10.4476
"301080001","30","108","0001",Minatitlán,Urbana,3303.9979
"301080032","30","108","0032",Capoacan,Rural,48.0770
"301140022","30","114","0022",El Raudal (Raudal de las Flores),Rural,10.0217
"301140001","30","114","0001",Nautla,Urbana,139.7280
"301190003","30","119","0003",Jesús Urueta (San Antonio),Rural,8.7520
"301190030","30","119","0030",El Peladiente,Rural,1.4171
"301190001","30","119","0001",Otatitlán,Urbana,198.4791
"301210022","30","121","0022",Alto del Tigre,Rural,25.3744
"301210026","30","121","0026",Cucharas,Rural,44.0912
"301210031","30","121","0031",Belisario Domínguez (San Gregorio),Rural,47.4543
"301210071","30","121","0071",San Luciano,Rural,54.7206
"301210202","30","121","0202",Colonia Moreno (Isla Juan A. Ramírez),Rural,10.7381
"301210014","30","121","0014",La Laja,Rural,37.0834
"301220008","30","122","0008",Jicacal,Rural,42.9702
"301230014","30","123","0014",Tamos,Urbana,286.2483
"301230029","30","123","0029",Moralillo,Urbana,428.2901
"301240101","30","124","0101",San Pablo,Rural,33.7128
"301240537","30","124","0537",San José la Playa,Rural,3.2880
"301330019","30","133","0019",El Chachalaco,Rural,16.8630
"301330021","30","133","0021",La Guadalupe,Rural,8.4297
"301330108","30","133","0108",Bella Vista,Rural,18.4183
"301330002","30","133","0002",Anáhuac,Urbana,334.1345
"301330007","30","133","0007",Hidalgo,Urbana,275.4139
"301330012","30","133","0012",Primero de Mayo (Los Mangos),Urbana,172.7230
"301330017","30","133","0017",Benito Juárez,Urbana,348.0897
"301330016","30","133","0016",Colonia Petrolera Lindavista,Rural,71.8736
"301330142","30","133","0142",Ampliación Ejido Primero de Mayo,Rural,15.3151
"301330159","30","133","0159",Lázaro Cárdenas,Rural,35.5660
"301410007","30","141","0007",Arroyo de Liza,Rural,24.5085
"301410009","30","141","0009",Balzapote,Rural,24.8100
"301410027","30","141","0027",Costa de Oro (Arroyo de Oro),Rural,32.3747
"301410054","30","141","0054",Montepío,Rural,31.4494
"301410064","30","141","0064",Playa Hermosa,Rural,31.7664
"301410071","30","141","0071",Revolución,Rural,14.5051
"301410103","30","141","0103",Dos de Abril (Montepío Chiquito),Rural,31.3594
"301410148","30","141","0148",Toro Prieto,Rural,15.4210
"301410074","30","141","0074",Salinas Roca Partida,Rural,33.6390
"301500077","30","150","0077",La Riverita,Rural,27.9812
"301510007","30","151","0007",Barra de Corazones,Rural,8.8533
"301510025","30","151","0025",Isla del Ídolo (Isla el Ídolo),Rural,15.0580
"301510032","30","151","0032",Majahual,Rural,28.3195
"301510042","30","151","0042",Palo Blanco,Rural,43.3142
"301510053","30","151","0053",La Puntilla,Rural,21.5997
"301510065","30","151","0065",Tantálamos,Rural,24.4994
"301510073","30","151","0073",Tres Garantías,Rural,2.9020
"301510088","30","151","0088",La Guásima,Rural,24.2030
"301510075","30","151","0075",Estero de Milpas,Rural,108.0777
"301510081","30","151","0081",Tarabitas,Rural,8.0292
"301510001","30","151","0001",Tamiahua,Urbana,146.2446
"301520029","30","152","0029",La Ribera,Rural,40.4285
"301520060","30","152","0060",Los Jobos,Rural,1.0949
"301520071","30","152","0071",Alto de la Zapupera,Rural,33.7203
"301520085","30","152","0085",Las Chacas,Rural,10.9788
"301520099","30","152","0099",La Majahua,Rural,41.8622
"301520114","30","152","0114",La Alborada,Rural,17.7505
"301520189","30","152","0189",La Ensenada,Rural,3.7178
"301520028","30","152","0028",Kilómetro Cien,Rural,15.9833
"301520090","30","152","0090",La Restinga,Rural,2.6969
"301540084","30","154","0084",Los Higueros,Rural,40.0026
"301580039","30","158","0039",Lázaro Cárdenas (Riachuelos),Rural,36.8840
"301580040","30","158","0040",Ricardo Flores Magón,Rural,34.2631
"301580015","30","158","0015",La Guadalupe,Rural,56.5686
"301580243","30","158","0243",Colonia Palmas del Mar,Rural,32.7929
"301580090","30","158","0090",El Palmar,Rural,22.0690
"301580046","30","158","0046",La Vigueta,Rural,42.2816
"301580350","30","158","0350",Fraternidad Antorchista,Rural,2.4403
"301580024","30","158","0024",Monte Gordo,Rural,57.1653
"301580005","30","158","0005",Casitas,Rural,113.7517
"301580001","30","158","0001",Tecolutla,Urbana,175.2486
"301580249","30","158","0249",Paso del Río,Rural,4.2721
"301600018","30","160","0018",Belén,Rural,5.6204
"301600021","30","160","0021",Buena Vista Molino,Rural,3.5434
"301600045","30","160","0045",Doctor Montes de Oca (San Isidro),Rural,57.6916
"301600062","30","160","0062",Hidalgo Amajac,Rural,43.8230
"301600066","30","160","0066",Jardín Viejo,Rural,15.4198
"301600106","30","160","0106",Rancho Nuevo,Rural,5.6610
"301600109","30","160","0109",Raya Obscura,Rural,7.5977
"301600116","30","160","0116",San Miguel,Rural,32.6584
"301600120","30","160","0120",Santa Rosalía (Camalote),Rural,31.1632
"301600126","30","160","0126",El Xúchitl,Rural,15.7502
"301600146","30","160","0146",Zacatal,Rural,16.3539
"301600268","30","160","0268",Cerritos Soledad,Rural,6.4272
"301600275","30","160","0275",Tumbadero,Rural,55.5953
"301600023","30","160","0023",El Cabellal,Rural,4.2088
"301600001","30","160","0001",Álamo,Urbana,657.3829
"301600069","30","160","0069",Kilómetro Treinta y Tres (Paso Real),Rural,24.3912
"301720003","30","172","0003",Boca del Río,Rural,13.3805
"301720004","30","172","0004",Lázaro Cárdenas,Rural,19.2742
"301720017","30","172","0017",Venustiano Carranza (Peña Blanca),Rural,85.9229
"301720022","30","172","0022",Villa Alta,Rural,29.9545
"301720048","30","172","0048",Buenavista (El Corpal),Rural,3.7901
"301720056","30","172","0056",José María Morelos y Pavón,Rural,3.9325
"301720064","30","172","0064",Xochitlán (Palmillas),Rural,3.2384
"301720237","30","172","0237",Ampliación Yatepec,Rural,10.1364
"301720024","30","172","0024",Ixtepec,Rural,12.8865
"301720080","30","172","0080",Yatepec,Rural,5.3024
"301720013","30","172","0013",José María Pino Suárez,Rural,17.3112
"301720014","30","172","0014",Loma Bonita,Rural,9.3130
"301720007","30","172","0007",Emiliano Zapata,Rural,40.2477
"301760004","30","176","0004",Ambrosio Alcalde,Rural,6.4352
"301760001","30","176","0001",Tlacojalpan,Urbana,153.5968
"301780077","30","178","0077",Pérez y Jiménez,Rural,15.6223
"301780124","30","178","0124",Nueva Era,Rural,0.3145
"301780129","30","178","0129",Linda Vista,Rural,9.6051
"301780213","30","178","0213",San Francisco los Cocos (La Guadalupe),Rural,5.4576
"301780240","30","178","0240",San Mateo,Rural,2.2624
"301780001","30","178","0001",Tlacotalpan,Urbana,173.3637
"301890012","30","189","0012",Benito Juárez,Rural,10.7426
"301890023","30","189","0023",Cobos,Rural,7.0204
"301890034","30","189","0034",Chomotla,Rural,2.8767
"301890039","30","189","0039",Frijolillo,Rural,81.0907
"301890047","30","189","0047",Juana Moza,Rural,118.1502
"301890076","30","189","0076",Playa Emiliano Zapata,Rural,13.4576
"301890086","30","189","0086",Tampiquillo,Rural,20.0049
"301890091","30","189","0091",La Victoria (La Peñita),Rural,64.8583
"301890092","30","189","0092",Villa Mar Chile Frío,Rural,17.0957
"301890163","30","189","0163",Congregación Juana Moza,Rural,441.3572
"301890608","30","189","0608",Ejido Barra de Galindo,Rural,15.4155
"301890723","30","189","0723",El Sacrificio,Rural,49.5688
"301890085","30","189","0085",Tampamachoco,Rural,43.1714
"301890443","30","189","0443",San Antonio,Rural,6.7570
"301890009","30","189","0009",Barra Norte,Rural,159.0804
"301890001","30","189","0001",Túxpam de Rodríguez Cano,Urbana,2168.7832
"301890083","30","189","0083",Santiago de la Peña,Urbana,294.9929
"301900001","30","190","0001",Tuxtilla,Urbana,93.6979
"301910003","30","191","0003",Barra de Chachalacas,Rural,55.4962
"301910037","30","191","0037",Los Médanos,Rural,12.4897
"301910010","30","191","0010",Loma de San Rafael,Rural,38.7959
"301910001","30","191","0001",Ursulo Galván,Urbana,176.5066
"301910016","30","191","0016",Playa de Chachalacas,Rural,81.8234
"301920023","30","192","0023",El Laurel,Rural,13.0493
"301920056","30","192","0056",Rancho Nuevo,Rural,12.4306
"301930001","30","193","0001",Veracruz,Urbana,5607.4631
"302040009","30","204","0009",Gustavo Díaz Ordaz,Rural,9.6732
"302040026","30","204","0026",Ejido los Soldados,Rural,9.2164
"302040028","30","204","0028",Tonalá,Rural,132.6617
"302040001","30","204","0001",Agua Dulce,Urbana,1696.0847
"302040017","30","204","0017",El Muelle (Gavilán Norte),Urbana,153.8217
"302060026","30","206","0026",Predio San Regino,Rural,18.6244
"302060001","30","206","0001",Nanchital de Lázaro Cárdenas del Río,Urbana,561.5673
"302070021","30","207","0021",Las Marías,Rural,12.9967
"302070028","30","207","0028",Paraíso Río Tonto,Rural,24.6339
"302070038","30","207","0038",San Antonio (El Chamizal),Rural,12.4931
"302070047","30","207","0047",Zapote Colorado,Rural,24.2658
"302070054","30","207","0054",Campo Nuevo,Rural,8.6112
"302080015","30","208","0015",Cerro de Torres Uno (San Martín de la Barranca),Rural,11.1076
"302080057","30","208","0057",Playa Medina (Mata de Agua),Rural,1.1638
"302080074","30","208","0074",Venustiano Carranza,Rural,36.5754
"302080075","30","208","0075",Vicente Guerrero,Rural,8.5625
"302080016","30","208","0016",Los Cocos,Rural,40.3632
"302080001","30","208","0001",Carlos A. Carrillo,Urbana,544.1763
"302090025","30","209","0025",Peña Hermosa,Rural,9.2488
"302090051","30","209","0051",Zapotitlán,Rural,14.7370
"302110084","30","211","0084",Melchor Ocampo,Rural,129.3220
"310110001","31","011","0001",Celestún,Urbana,273.9852
"310260004","31","026","0004",San Bruno,Rural,94.9684
"310260035","31","026","0035",San Benito,Rural,142.2481
"310260069","31","026","0069",Xtampú,Rural,37.1426
"310270004","31","027","0004",Santa Clara,Rural,49.0965
"310280001","31","028","0001",Dzilam de Bravo,Urbana,72.4774
"310380004","31","038","0004",Sisal,Rural,129.8127
"310390023","31","039","0023",El Faro,Rural,75.3276
"310590001","31","059","0001",Progreso,Urbana,965.8398
"310590003","31","059","0003",Chelem,Urbana,473.5512
"310590004","31","059","0004",Chicxulub (Chicxulub Puerto),Urbana,582.1783
"310590005","31","059","0005",Chuburná,Urbana,269.6186
"310610002","31","061","0002",Las Coloradas,Rural,47.7103
"310610001","31","061","0001",Río Lagartos,Urbana,81.5366
"310650001","31","065","0001",San Felipe,Urbana,64.3861
"310680003","31","068","0003",San Crisanto,Rural,73.2431
"310830001","31","083","0001",Telchac Puerto,Urbana,376.3674
"310960009","31","096","0009",El Cuyo,Rural,113.6249
"311060002","31","106","0002",Chabihau,Rural,38.1468
